{
  "ko_KR": {
    "HIGH": 3129.8272754126500000,
    "TRB": 139678.8938619690000000,
    "STG": 1130.8653528086950000,
    "lang_coin": "KRW",
    "SHIB": 0.0433391034314805,
    "USDT": 1314.5011656500000000,
    "DOGE": 228.2105473684965000,
    "ORDIBRC20": 109374.3839890739000000,
    "WLD": 13325.0983161940500000,
    "PEPE": 0.0115807552693765,
    "COMP": 119895.6513189365000000,
    "lang_logo": "₩",
    "coin_fiat_precision": "2",
    "CHZ": 214.2636900009500000,
    "TRU": 116.7277035097200000,
    "SATSBRC20": 0.0008357598411203,
    "FLOKI": 0.3665880850764720,
    "TRX": 173.5798789240825000,
    "coin_precision": "0",
    "SAND": 1022.0246562928750000,
    "BCH": 591210.0442627440000000,
    "UMA": 6614.5698655508000000,
    "BAND": 3499.2021029603000000,
    "1INCH": 905.0340525500250000,
    "BTC": 96016515.1588201900000000,
    "ARB": 2884.2784576692300000,
    "GAL": 6262.2835531566000000,
    "IMX": 4691.8490105545446056,
    "LTC": 129583.5249097770000000,
    "COMBO": 1589.2319092708500000,
    "MAV": 952.8818949796850000,
    "CVX": 6577.7638329126000000,
    "CRV": 1127.0532994283100000,
    "ANT": 13615.6030738026986855,
    "DYDX": 5405.2287931528000000,
    "PERL": 13.7975732283224613,
    "SUSHI": 2702.6143965764000000,
    "AGIX": 1640.2871345446960000,
    "ARKM": 4041.4338337909250000,
    "MASK": 6739.4474762875500000,
    "PENDLE": 4242.6839622519400000,
    "UNI": 19220.6360441343000000,
    "AAVE": 194388.4323763220000000,
    "KRW": "1",
    "LDO": 4744.0347068308500000,
    "LINK": 27530.9124133736000000,
    "SOLANA": 200619.1679015030000000,
    "SNX": 6782.8260147540000000,
    "YFI": 13772028.7125150500000000,
    "BRDBSC": 22.6094200491800000,
    "OP": 5980.9803037075000000,
    "OPTIMISM": 2918.2852924974900000,
    "MANA": 1025.0480089738698685,
    "EOS": 6572.5058282500000000,
    "FIL": 14452.9403163217500000,
    "RNDR": 15018.1758175512500000,
    "BAL": 8053.9486419375500000,
    "GALA": 93.3295827611500000,
    "RATSBTC": 0.5411144048398225,
    "FET": 3558.0917551814200000,
    "ETC": 49451.5338517530000000,
    "MKR": 3630652.2195253000000000,
    "APE": 3191.6088301982000000,
    "SSV": 68064.8703573570000000,
    "CELR": 49.7012890732265000,
    "ETH": 5338754.4692058700000000,
    "ARBITRUM": 1495.9956019728320000,
    "AXS": 16917.6300019155000000,
    "STRK": 21662.9792099120000000
  },
  "en_US": {
    "HIGH": 2.3818571600000000,
    "TRB": 106.2982536000000000,
    "STG": 0.8606097080000000,
    "lang_coin": "USD",
    "SHIB": 0.0000329818692000,
    "USDT": 1.0003600000000000,
    "DOGE": 0.1736724996000000,
    "ORDIBRC20": 83.2359541600000000,
    "WLD": 10.1406493200000000,
    "PEPE": 0.0000088131716000,
    "COMP": 91.2428356000000000,
    "lang_logo": "$",
    "coin_fiat_precision": "2",
    "CHZ": 0.1630586800000000,
    "TRU": 0.0888319680000000,
    "SATSBRC20": 6.360288880E-7,
    "FLOKI": 0.0002789803968000,
    "TRX": 0.1320975380000000,
    "coin_precision": "2",
    "SAND": 0.7777799000000000,
    "BCH": 449.9219136000000000,
    "UMA": 5.0338115200000000,
    "BAND": 2.6629583200000000,
    "1INCH": 0.6887478600000000,
    "BTC": 73000.6829326000000000,
    "ARB": 2.1949899120000000,
    "GAL": 4.7657150400000000,
    "IMX": 3.5705849479999997,
    "LTC": 98.6154888000000000,
    "COMBO": 1.2094352400000000,
    "MAV": 0.7251609640000000,
    "CVX": 5.0058014400000000,
    "CRV": 0.8577086640000000,
    "ANT": 10.3617288799999990,
    "DYDX": 4.1134803200000000,
    "PERL": 0.0104901981374146,
    "SUSHI": 2.0567401600000000,
    "AGIX": 1.2482892224000000,
    "ARKM": 3.0756068200000000,
    "MASK": 5.1288457200000000,
    "PENDLE": 3.2287619360000000,
    "UNI": 14.6272639200000000,
    "AAVE": 147.9332368000000000,
    "LDO": 3.6102992400000000,
    "LINK": 20.9515398400000000,
    "SOLANA": 152.6749432000000000,
    "SNX": 5.1618576000000000,
    "YFI": 10480.7717200000000000,
    "BRDBSC": 0.0172061920000000,
    "OP": 4.5516380000000000,
    "OPTIMISM": 2.2420532700000000,
    "MANA": 0.7800807279999999,
    "USD": "1",
    "EOS": 5.0018000000000000,
    "FIL": 10.9989582000000000,
    "RNDR": 11.4291130000000000,
    "BAL": 6.1292057200000000,
    "GALA": 0.0710255600000000,
    "RATSBTC": 0.0004117981940000,
    "FET": 2.7077744480000000,
    "ETC": 37.6335432000000000,
    "MKR": 2762.9943200000000000,
    "APE": 2.4288740800000000,
    "SSV": 51.7986408000000000,
    "CELR": 0.0378236116000000,
    "ETH": 4061.1960574000000000,
    "ARBITRUM": 1.1493399360000000,
    "AXS": 12.8746332000000000,
    "STRK": 16.4859328000000000
  },
  "zh_CN": {
    "HIGH": 17.1171818606000000,
    "TRB": 763.9108544760000000,
    "STG": 6.1847591577800000,
    "lang_coin": "CNY",
    "SHIB": 0.0002370237236220,
    "USDT": 7.1890726000000000,
    "DOGE": 1.2480948940860000,
    "ORDIBRC20": 598.1739747556000000,
    "WLD": 72.8756289462000000,
    "PEPE": 0.0000633357296060,
    "COMP": 655.7153118460000000,
    "lang_logo": "￥",
    "coin_fiat_precision": "2",
    "CHZ": 1.1718188338000000,
    "TRU": 0.6383896468800000,
    "SATSBRC20": 0.0000045708123591,
    "FLOKI": 0.0020048885666880,
    "TRX": 0.9493170368300000,
    "EC": 1.0000000000000000,
    "coin_precision": "2",
    "SAND": 5.5895039465000000,
    "BCH": 3233.3572925760000000,
    "UMA": 36.1754133232000000,
    "BAND": 19.1373112612000000,
    "1INCH": 4.9496764851000000,
    "BTC": 525119.1222294800000000,
    "ARB": 15.7742630989200000,
    "GAL": 34.2487418664000000,
    "IMX": 25.6599568311799978,
    "LTC": 708.6987769080000000,
    "COMBO": 8.6915887734000000,
    "MAV": 5.2113587277400000,
    "CVX": 35.9741192904000000,
    "CRV": 6.1639108472400000,
    "ANT": 74.4644139907999928,
    "DYDX": 29.5614665312000000,
    "PERL": 0.0754596178643763,
    "SUSHI": 14.7807332656000000,
    "AGIX": 8.9708123531840000,
    "ARKM": 22.1028037087000000,
    "MASK": 36.8583752202000000,
    "CNY": "1",
    "PENDLE": 23.2034507237600000,
    "UNI": 105.1186195572000000,
    "AAVE": 1063.1200560880000000,
    "LDO": 25.9453630134000000,
    "LINK": 150.5679365344000000,
    "SOLANA": 1097.1962602120000000,
    "SNX": 37.0956146160000000,
    "YFI": 75319.9136302000000000,
    "BRDBSC": 0.1236520487200000,
    "OP": 32.7102803300000000,
    "OPTIMISM": 16.0185847020300000,
    "MANA": 5.6060388134799993,
    "USD": 7.1890726000000000,
    "EOS": 35.9453630000000000,
    "FIL": 79.0438532370000000,
    "RNDR": 82.1351544550000000,
    "BAL": 44.0474478202000000,
    "GALA": 0.5104241546000000,
    "RATSBTC": 0.0029593817357900,
    "FET": 19.4593817136800000,
    "ETC": 270.4529112120000000,
    "MKR": 19856.2185212000000000,
    "APE": 17.4550682728000000,
    "SSV": 372.2501792280000000,
    "CELR": 0.2718188350060000,
    "ETH": 29197.9151298100000000,
    "ARBITRUM": 8.2115796991040000,
    "AXS": 92.5233643620000000,
    "STRK": 118.4759164480000000
  },
  "ja_JP": {
    "HIGH": 351.2959940650800000,
    "TRB": 15677.7456234168000000,
    "STG": 126.9298377548040000,
    "lang_coin": "JPY",
    "SHIB": 0.0048644388594396,
    "USDT": 147.5413666800000000,
    "DOGE": 25.6146566693148000,
    "ORDIBRC20": 12276.3269559760800000,
    "WLD": 1495.6268340351600000,
    "PEPE": 0.0012998394404508,
    "COMP": 13457.2480548828000000,
    "lang_logo": "¥",
    "coin_fiat_precision": 2,
    "CHZ": 24.0492427688400000,
    "TRU": 13.1016733611840000,
    "SATSBRC20": 0.0000938068009351,
    "FLOKI": 0.0411463363397184,
    "TRX": 19.4828374700940000,
    "coin_precision": 2,
    "SAND": 114.7134125937000000,
    "BCH": 66358.2050779968000000,
    "UMA": 742.4281571337600000,
    "BAND": 392.7551181021600000,
    "1INCH": 101.5822309591800000,
    "BTC": 10777021.9156695800000000,
    "ARB": 323.7352667692560000,
    "GAL": 702.8870708635200000,
    "IMX": 526.6194000909239557,
    "LTC": 14544.6279273144000000,
    "COMBO": 178.3775123161200000,
    "MAV": 106.9527367063320000,
    "CVX": 738.2969988667200000,